llm,function,placeholder,inferred,ground
gemini,_string_append,lVar2,new_size,newCapacity
claud,_string_append,lVar2,new_capacity,newCapacity
gpt4,_string_append,lVar2,new_buffer_size,newCapacity
gemini,_string_append,lVar3,allocated_mem,newData
claud,_string_append,lVar3,new_buffer,newData
gpt4,_string_append,lVar3,new_buffer_address,newData
gemini,_string_append,param_1,string_object,str
claud,_string_append,param_1,string_obj,str
gpt4,_string_append,param_1,string_buffer,str
gemini,_string_append,param_2,str_item,strItem
claud,_string_append,param_2,append_str,strItem
gpt4,_string_append,param_2,str_to_append,strItem
gemini,_string_append,sVar1,str_len,strItemLength
claud,_string_append,sVar1,append_len,strItemLength
gpt4,_string_append,sVar1,appended_str_length,strItemLength
gemini,_string_assign,PTR____stderrp_10000a038,stderr,
gemini,_string_assign,lVar2,new_allocation,newData
claud,_string_assign,lVar2,new_memory,newData
gpt4,_string_assign,lVar2,allocated_memory_ptr,newData
gemini,_string_assign,param_1,string_object,str
claud,_string_assign,param_1,string_obj,str
gpt4,_string_assign,param_1,dest_long_ptr,str
gemini,_string_assign,param_1[1],string_object_length,
gemini,_string_assign,param_1[2],string_object_capacity,
gemini,_string_assign,param_1[3],memory_pool_handle,
gemini,_string_assign,param_2,new_string,newStr
claud,_string_assign,param_2,new_str,newStr
gpt4,_string_assign,param_2,src_string_ptr,newStr
gemini,_string_assign,sVar1,new_string_len,newStrLength
claud,_string_assign,sVar1,new_str_len,newStrLength
gpt4,_string_assign,sVar1,src_str_length,newStrLength
gemini,_string_at,local_9,character,
claud,_string_at,local_9,char_at_index,
gpt4,_string_at,local_9,result_char,
gemini,_string_at,param_1,string,str
claud,_string_at,param_1,string_ptr,str
gpt4,_string_at,param_1,string_object_ptr,str
gemini,_string_at,param_2,index,index
claud,_string_at,param_2,index,index
gpt4,_string_at,param_2,index,index
gemini,_string_back,local_10,string_length,
claud,_string_back,local_10,last_char_index,
gpt4,_string_back,local_10,result_value,
gemini,_string_back,param_1,string_pointer,str
claud,_string_back,param_1,string_ptr,str
gpt4,_string_back,param_1,array_ptr_to_long,str
claud,_string_base64_decode,iVar1,shift_amount,valb
gpt4,_string_base64_decode,iVar1,bit_shift_count,valb
gemini,_string_base64_decode,local_10,decoded_str,decodedStrObj
claud,_string_base64_decode,local_10,return_value,decodedStrObj
gpt4,_string_base64_decode,local_10,result,decodedStrObj
gemini,_string_base64_decode,local_24,bit_buffer,val
claud,_string_base64_decode,local_24,bit_buffer,val
gpt4,_string_base64_decode,local_24,current_bits,val
gemini,_string_base64_decode,local_28,bit_count,valb
claud,_string_base64_decode,local_28,bits_remaining,valb
gpt4,_string_base64_decode,local_28,remaining_bits,valb
gemini,_string_base64_decode,local_30,char_index,i
claud,_string_base64_decode,local_30,index,i
gpt4,_string_base64_decode,local_30,encoded_str_index,i
gemini,_string_base64_decode,local_38,decoded_len,j
claud,_string_base64_decode,local_38,decoded_str_length,j
gpt4,_string_base64_decode,local_38,decoded_str_index,j
gemini,_string_base64_decode,local_39,current_char,c
claud,_string_base64_decode,local_39,current_char,c
gpt4,_string_base64_decode,local_39,current_char,c
gemini,_string_base64_decode,param_1,encoded_str,encodedStr
claud,_string_base64_decode,param_1,encoded_str_ptr,encodedStr
gpt4,_string_base64_decode,param_1,encoded_str_ptr,encodedStr
gemini,_string_base64_decode,pvVar2,decoded_data,decodedStr
claud,_string_base64_decode,pvVar2,decoded_str_buffer,decodedStr
gpt4,_string_base64_decode,pvVar2,decoded_str_ptr,decodedStr
gemini,_string_base64_encode,_base64_chars,base64_chars,
gemini,_string_base64_encode,_stderrp_10000a038,stderr_stream,
gemini,_string_base64_encode,_string_base64_encode,string_base64_encode,
gemini,_string_base64_encode,local_10,encoded_string,encoded
claud,_string_base64_encode,local_10,encoded_string,encoded
gpt4,_string_base64_encode,local_10,encoded_string,encoded
gemini,_string_base64_encode,local_24,current_byte,val
claud,_string_base64_encode,local_24,accumulator,val
gpt4,_string_base64_encode,local_24,temp_value,val
gemini,_string_base64_encode,local_28,current_bits,valb
claud,_string_base64_encode,local_28,bits_remaining,valb
gpt4,_string_base64_encode,local_28,bit_shift_counter,valb
gemini,_string_base64_encode,local_30,i
claud,_string_base64_encode,local_30,char_index,i
gpt4,_string_base64_encode,local_30,index_counter,i
gemini,_string_base64_encode,param_1,string_to_encode,input
claud,_string_base64_encode,param_1,string_ptr,input
gpt4,_string_base64_encode,param_1,input_pointer,input
claud,_string_begin,local_10,result,
gpt4,_string_begin,local_10,result_string,
claud,_string_begin,param_1,string_ptr,str
gpt4,_string_begin,param_1,input_pointer,str
gemini,_string_c_str,PTR____stderrp_10000a038,stderr,
gemini,_string_c_str,local_10,result_string,
claud,_string_c_str,local_10,result_str,
gpt4,_string_c_str,local_10,result_str,
gemini,_string_c_str,param_1,input_string,str
claud,_string_c_str,param_1,string_ptr,str
gpt4,_string_c_str,param_1,input_ptr,str
gemini,_string_capacity,local_10,capacity
claud,_string_capacity,local_10,capacity
gpt4,_string_capacity,local_10,capacity
gemini,_string_capacity,param_1,string_object,str
claud,_string_capacity,param_1,string_ptr,str
gpt4,_string_capacity,param_1,string_ptr,str
gemini,_string_cbegin,local_10,string_cbegin_result,
claud,_string_cbegin,local_10,char_ptr,
gpt4,_string_cbegin,local_10,result,
gemini,_string_cbegin,param_1,string_ptr,str
claud,_string_cbegin,param_1,string_ptr,str
gpt4,_string_cbegin,param_1,string_ptr,str
gemini,_string_cend,local_10,string_length,
claud,_string_cend,local_10,end_ptr,
gpt4,_string_cend,local_10,result,
gemini,_string_cend,param_1,string_ptr,str
claud,_string_cend,param_1,string_ptr,str
gpt4,_string_cend,param_1,input_ptr,str
gemini,_string_clear,param_1,string_object,str
claud,_string_clear,param_1,string_ptr,str
gpt4,_string_clear,param_1,string_ptr,str
gemini,_string_compare,local_c,comparison_result,
claud,_string_compare,local_c,compare_result,
gpt4,_string_compare,local_c,comparison_result,
gemini,_string_compare,param_1,string1,str1
claud,_string_compare,param_1,str1_ptr,str1
gpt4,_string_compare,param_1,string_1_ptr,str1
gemini,_string_compare,param_2,string2,str2
claud,_string_compare,param_2,str2_ptr,str2
gpt4,_string_compare,param_2,string_2_ptr,str2
gemini,_string_compare_ignore_case,local_c,comparison_result,
claud,_string_compare_ignore_case,local_c,compare_result,
gpt4,_string_compare_ignore_case,local_c,comparison_result,
gemini,_string_compare_ignore_case,param_1,string1,str1
claud,_string_compare_ignore_case,param_1,str1_ptr,str1
gpt4,_string_compare_ignore_case,param_1,first_string_pointer,str1
gemini,_string_compare_ignore_case,param_2,string2,str2
claud,_string_compare_ignore_case,param_2,str2_ptr,str2
gpt4,_string_compare_ignore_case,param_2,second_string_pointer,str2
gemini,_string_concatenate,PTR____stderrp_10000a038,standard_error_stream,
gemini,_string_concatenate,param_1,string_object_1,str1
claud,_string_concatenate,param_1,str1_ptr,str1
gpt4,_string_concatenate,param_1,string1_ptr,str1
gemini,_string_concatenate,param_2,string_object_2,str2
claud,_string_concatenate,param_2,str2_ptr,str2
gpt4,_string_concatenate,param_2,string2_ptr,str2
gemini,_string_contains,local_9,match_found,
claud,_string_contains,local_9,contains_substring,
gpt4,_string_contains,local_9,contains_substring,
gemini,_string_contains,param_1,string_ptr,str
claud,_string_contains,param_1,string_ptr,str
gpt4,_string_contains,param_1,string_array,str
gemini,_string_contains,param_2,substring_ptr,substr
claud,_string_contains,param_2,substring,substr
gpt4,_string_contains,param_2,substring,substr
gemini,_string_contains,pcVar1,substring_match,
claud,_string_contains,pcVar1,substring_pos,
gpt4,_string_contains,pcVar1,substring_location,
gemini,_string_copy,local_10,copied_len,copyLen
claud,_string_copy,local_10,bytes_copied,copyLen
gpt4,_string_copy,local_10,result,copyLen
gemini,_string_copy,local_38,actual_copy_len,copyLen
claud,_string_copy,local_38,actual_copy_length,copyLen
gpt4,_string_copy,local_38,copy_length,copyLen
gemini,_string_copy,param_1,src_string,str
claud,_string_copy,param_1,string_obj,str
gpt4,_string_copy,param_1,source_array_ptr,str
gemini,_string_copy,param_2,dest_buffer,buffer
claud,_string_copy,param_2,dest_buffer,buffer
gpt4,_string_copy,param_2,dest_buffer_ptr,buffer
gemini,_string_copy,param_3,start_pos,pos
claud,_string_copy,param_3,start_pos,pos
gpt4,_string_copy,param_3,start_index,pos
gemini,_string_copy,param_4,copy_len,len
claud,_string_copy,param_4,copy_length,len
gpt4,_string_copy,param_4,max_length,len
gemini,_string_count,_string_count,count_occurrences,
gemini,_string_count,local_10,result,count
claud,_string_count,local_10,return_value,count
gpt4,_string_count,local_10,result,count
gemini,_string_count,local_28,occurrence_count,count
claud,_string_count,local_28,count,count
gpt4,_string_count,local_28,count,count
gemini,_string_count,local_30,current_position,found
claud,_string_count,local_30,current_position,found
gpt4,_string_count,local_30,current_position,found
gemini,_string_count,param_1,string_object,str
claud,_string_count,param_1,string_array,str
gpt4,_string_count,param_1,string_array,str
gemini,_string_count,param_2,substring,substr
claud,_string_count,param_2,substring,substr
gpt4,_string_count,param_2,substring,substr
gemini,_string_count,sVar1,substring_length,
claud,_string_count,sVar1,substring_length,
gpt4,_string_count,sVar1,substring_length,
claud,_string_crbegin,local_10,crbegin_ptr,
gpt4,_string_crbegin,local_10,result_value,
gemini,_string_crbegin,param_1,string_ptr,str
claud,_string_crbegin,param_1,string_ptr,str
gpt4,_string_crbegin,param_1,input_pointer,str
gemini,_string_create,lVar2,memory_pool,
claud,_string_create,lVar2,memory_pool_ptr,
gpt4,_string_create,lVar2,memory_pool_id,
gemini,_string_create,local_30,str_len,initialSize
claud,_string_create,local_30,input_length,initialSize
gpt4,_string_create,local_30,length,initialSize
claud,_string_create,param_1,input_str,initialStr
gpt4,_string_create,param_1,input_string,initialStr
gemini,_string_create,plVar1,str_object,str
claud,_string_create,plVar1,string_ptr,str
gpt4,_string_create,plVar1,string_object,str
claud,_string_create_from_initializer,in_AL,has_elements,
gpt4,_string_create_from_initializer,in_AL,is_condition_met,
claud,_string_create_from_initializer,local_10,stack_guard,
gpt4,_string_create_from_initializer,local_10,stack_guard_value,
gemini,_string_create_from_initializer,local_100,initializer_9,
claud,_string_create_from_initializer,local_100,unused1,
gpt4,_string_create_from_initializer,local_100,param_10_copy,
gemini,_string_create_from_initializer,local_108,stack_array,
claud,_string_create_from_initializer,local_108,element_buffer,
gpt4,_string_create_from_initializer,local_108,temp_buffer,
gemini,_string_create_from_initializer,local_120,stack_entry,
claud,_string_create_from_initializer,local_120,current_element_ptr,
gpt4,_string_create_from_initializer,local_120,current_element,
gemini,_string_create_from_initializer,local_18,temp_buffer,
claud,_string_create_from_initializer,local_18,element_buffer_ptr,
gpt4,_string_create_from_initializer,local_18,temp_ptr2,
gemini,_string_create_from_initializer,local_20,stack_pointer,
claud,_string_create_from_initializer,local_20,stack_element_ptr,
gpt4,_string_create_from_initializer,local_20,temp_ptr,
claud,_string_create_from_initializer,local_24,element_buffer_size,
gpt4,_string_create_from_initializer,local_24,temp_size,
gemini,_string_create_from_initializer,local_28,stack_size,
claud,_string_create_from_initializer,local_28,element_buffer_index,
gpt4,_string_create_from_initializer,local_28,temp_offset,
gemini,_string_create_from_initializer,local_30,result,strings
claud,_string_create_from_initializer,local_30,result,strings
gpt4,_string_create_from_initializer,local_30,result_string,strings
gemini,_string_create_from_initializer,local_38,string_count_copy,count
claud,_string_create_from_initializer,local_38,num_elements,count
gpt4,_string_create_from_initializer,local_38,max_count,count
gemini,_string_create_from_initializer,local_40,strings_array,strings
claud,_string_create_from_initializer,local_40,string_array,strings
gpt4,_string_create_from_initializer,local_40,strings_array,strings
gemini,_string_create_from_initializer,local_48,processed_count,i
claud,_string_create_from_initializer,local_48,i,i
gpt4,_string_create_from_initializer,local_48,current_index,i
gemini,_string_create_from_initializer,local_50,current_string,str
claud,_string_create_from_initializer,local_50,current_element,str
gpt4,_string_create_from_initializer,local_50,current_string,str
gemini,_string_create_from_initializer,local_58,index,j
claud,_string_create_from_initializer,local_58,i,j
gpt4,_string_create_from_initializer,local_58,loop_counter,j
claud,_string_create_from_initializer,local_68,element7,
gpt4,_string_create_from_initializer,local_68,capacity_copy,
claud,_string_create_from_initializer,local_78,element6,
gpt4,_string_create_from_initializer,local_78,position_copy,
claud,_string_create_from_initializer,local_88,element5,
gpt4,_string_create_from_initializer,local_88,value_copy,
claud,_string_create_from_initializer,local_98,element4,
gpt4,_string_create_from_initializer,local_98,index_copy,
claud,_string_create_from_initializer,local_a8,element3,
gpt4,_string_create_from_initializer,local_a8,length_copy,
claud,_string_create_from_initializer,local_b8,element2,
gpt4,_string_create_from_initializer,local_b8,offset_copy,
claud,_string_create_from_initializer,local_c8,element1,
gpt4,_string_create_from_initializer,local_c8,size_copy,
claud,_string_create_from_initializer,local_d8,element0,
gpt4,_string_create_from_initializer,local_d8,count_copy,
gemini,_string_create_from_initializer,local_e0,initializer_5,
claud,_string_create_from_initializer,local_e0,unused5,
gpt4,_string_create_from_initializer,local_e0,param_14_copy,
gemini,_string_create_from_initializer,local_e8,initializer_6,
claud,_string_create_from_initializer,local_e8,unused4,
gpt4,_string_create_from_initializer,local_e8,param_13_copy,
gemini,_string_create_from_initializer,local_f0,initializer_7,
claud,_string_create_from_initializer,local_f0,unused3,
gpt4,_string_create_from_initializer,local_f0,param_12_copy,
gemini,_string_create_from_initializer,local_f8,initializer_8,
claud,_string_create_from_initializer,local_f8,unused2,
gpt4,_string_create_from_initializer,local_f8,param_11_copy,
gemini,_string_create_from_initializer,param_1,element1,count
claud,_string_create_from_initializer,param_1,element0,count
gpt4,_string_create_from_initializer,param_1,count,count
gemini,_string_create_from_initializer,param_10,initializer_10,
claud,_string_create_from_initializer,param_10,unused1,
gpt4,_string_create_from_initializer,param_10,value1,
gemini,_string_create_from_initializer,param_11,initializer_11,
claud,_string_create_from_initializer,param_11,unused2,
gpt4,_string_create_from_initializer,param_11,value2,
gemini,_string_create_from_initializer,param_12,initializer_12,
claud,_string_create_from_initializer,param_12,unused3,
gpt4,_string_create_from_initializer,param_12,value3,
gemini,_string_create_from_initializer,param_13,initializer_13,
claud,_string_create_from_initializer,param_13,unused4,
gpt4,_string_create_from_initializer,param_13,value4,
gemini,_string_create_from_initializer,param_14,initializer_14,
claud,_string_create_from_initializer,param_14,unused5,
gpt4,_string_create_from_initializer,param_14,value5,
gemini,_string_create_from_initializer,param_2,element2,
claud,_string_create_from_initializer,param_2,element1,
gpt4,_string_create_from_initializer,param_2,size,
gemini,_string_create_from_initializer,param_3,element3,
claud,_string_create_from_initializer,param_3,element2,
gpt4,_string_create_from_initializer,param_3,offset,
gemini,_string_create_from_initializer,param_4,element4,
claud,_string_create_from_initializer,param_4,element3,
gpt4,_string_create_from_initializer,param_4,length,
gemini,_string_create_from_initializer,param_5,element5,
claud,_string_create_from_initializer,param_5,element4,
gpt4,_string_create_from_initializer,param_5,index,
gemini,_string_create_from_initializer,param_6,element6,
claud,_string_create_from_initializer,param_6,element5,
gpt4,_string_create_from_initializer,param_6,value,
gemini,_string_create_from_initializer,param_7,element7,
claud,_string_create_from_initializer,param_7,element6,
gpt4,_string_create_from_initializer,param_7,position,
gemini,_string_create_from_initializer,param_8,element8,
claud,_string_create_from_initializer,param_8,element7,
gpt4,_string_create_from_initializer,param_8,capacity,
gemini,_string_create_from_initializer,param_9,string_count,
claud,_string_create_from_initializer,param_9,num_elements,
gpt4,_string_create_from_initializer,param_9,count_max,
gpt4,_string_create_from_initializer,uVar1,result
gemini,_string_create_with_pool,PTR____stderrp_10000a038,stderr_file_pointer,
claud,_string_create_with_pool,PTR____stderrp_10000a038,stderr_ptr,
gemini,_string_create_with_pool,_global_pool,global_memory_pool,
gemini,_string_create_with_pool,_string_create_with_pool_counter,string_creation_counter,
gemini,_string_create_with_pool,param_1,init_param,1
claud,_string_create_with_pool,param_1,pool_size,1
gpt4,_string_create_with_pool,param_1,memory_pool,1
gemini,_string_create_with_pool,puVar1,new_string_object,str
claud,_string_create_with_pool,puVar1,string_ptr,str
gpt4,_string_create_with_pool,puVar1,string_ptr,str
gemini,_string_crend,PTR____stderrp_10000a038,stderr_stream,
gemini,_string_crend,local_10,end_index,
claud,_string_crend,local_10,last_char_index,
gpt4,_string_crend,local_10,result,
gemini,_string_crend,param_1,string_ptr,str
claud,_string_crend,param_1,string_ptr,str
gpt4,_string_crend,param_1,input_pointer,str
gemini,_string_data,_string_data,get_string_data,
gemini,_string_data,local_10,string_data,
claud,_string_data,local_10,data_ptr,
gpt4,_string_data,local_10,result,
gemini,_string_data,param_1,input_string_pointer,str
claud,_string_data,param_1,string_ptr,str
gpt4,_string_data,param_1,pointer,str
gemini,_string_deallocate,PTR____stderrp_10000a038,stderr_stream,
gpt4,_string_deallocate,PTR____stderrp_10000a038,stderr_ptr,
gemini,_string_deallocate,_memoryPoolCreated,memory_pool_created,
gemini,_string_deallocate,param_1,string_object,str
claud,_string_deallocate,param_1,string_ptr,str
gpt4,_string_deallocate,param_1,string_ptr,str
claud,_string_empty,bVar1,is_empty,
gpt4,_string_empty,bVar1,is_empty,
gemini,_string_empty,param_1,string_pointer,str
claud,_string_empty,param_1,string_ptr,str
gpt4,_string_empty,param_1,ptr_to_string,str
gemini,_string_end,local_10,string_end_index,
claud,_string_end,local_10,end_ptr,
gpt4,_string_end,local_10,result,
gemini,_string_end,param_1,string_ptr,str
claud,_string_end,param_1,string_ptr,str
gpt4,_string_end,param_1,input_pointer,str
gemini,_string_end,param_1[1],string_length,
gemini,_string_ends_with,iVar1,comparison_result,
claud,_string_ends_with,iVar1,cmp_result,
gemini,_string_ends_with,local_9,result,
claud,_string_ends_with,local_9,ends_with_substring,
gpt4,_string_ends_with,local_9,ends_with,
gemini,_string_ends_with,param_1,string_object,str
claud,_string_ends_with,param_1,string_obj,str
gpt4,_string_ends_with,param_1,string_data_ptr,str
gemini,_string_ends_with,param_2,substring,substr
claud,_string_ends_with,param_2,substring,substr
gpt4,_string_ends_with,param_2,substring,substr
gemini,_string_ends_with,sVar2,substring_length,substrLen
claud,_string_ends_with,sVar2,substring_length,substrLen
gpt4,_string_ends_with,sVar2,substring_length,substrLen
gemini,_string_erase,local_20,adjusted_erase_length,
claud,_string_erase,local_20,actual_erase_length,
gpt4,_string_erase,local_20,erase_length,
gemini,_string_erase,param_1,string_ptr,str
claud,_string_erase,param_1,string_ptr,str
gpt4,_string_erase,param_1,string_ptr,str
gemini,_string_erase,param_2,position,pos
claud,_string_erase,param_2,erase_start_pos,pos
gpt4,_string_erase,param_2,start_index,pos
gemini,_string_erase,param_3,erase_length,len
claud,_string_erase,param_3,erase_length,len
gpt4,_string_erase,param_3,erase_count,len
gemini,_string_find,local_c,found_index,
claud,_string_find,local_c,result_index,
gpt4,_string_find,local_c,result_index,
gemini,_string_find,param_1,string_object,str
claud,_string_find,param_1,string_obj,str
gpt4,_string_find,param_1,string_data_ptr,str
gemini,_string_find,param_2,substring,buffer
claud,_string_find,param_2,search_buffer,buffer
gpt4,_string_find,param_2,search_text,buffer
gemini,_string_find,param_3,start_position,pos
claud,_string_find,param_3,start_position,pos
gpt4,_string_find,param_3,start_index,pos
gemini,_string_find,pcVar1,strstr_result,found
claud,_string_find,pcVar1,found_ptr,found
gpt4,_string_find,pcVar1,found_position,found
claud,_string_find_first_not_of,iVar1,cmp_result,
gpt4,_string_find_first_not_of,iVar1,comparison_result,
gemini,_string_find_first_not_of,local_38,index,i
claud,_string_find_first_not_of,local_38,current_pos,i
gpt4,_string_find_first_not_of,local_38,current_pos,i
gemini,_string_find_first_not_of,local_c,result,
claud,_string_find_first_not_of,local_c,return_value,
gpt4,_string_find_first_not_of,local_c,result,
gemini,_string_find_first_not_of,param_1,string_object,str
claud,_string_find_first_not_of,param_1,string_ptr,str
gpt4,_string_find_first_not_of,param_1,string_obj_ptr,str
gemini,_string_find_first_not_of,param_2,buffer,buffer
claud,_string_find_first_not_of,param_2,substring_ptr,buffer
gpt4,_string_find_first_not_of,param_2,target_str,buffer
gemini,_string_find_first_not_of,param_3,pos,pos
claud,_string_find_first_not_of,param_3,start_pos,pos
gpt4,_string_find_first_not_of,param_3,str_len,pos
claud,_string_find_first_not_of,sVar2,substring_len,bufferLen
gpt4,_string_find_first_not_of,sVar2,target_str_len,bufferLen
gemini,_string_find_first_of,local_c,result,
claud,_string_find_first_of,local_c,result,
gpt4,_string_find_first_of,local_c,result_index,
gemini,_string_find_first_of,param_1,string_object,str
claud,_string_find_first_of,param_1,string_obj,str
gpt4,_string_find_first_of,param_1,string_data_ptr,str
gemini,_string_find_first_of,param_2,search_buffer,buffer
claud,_string_find_first_of,param_2,search_str,buffer
gpt4,_string_find_first_of,param_2,search_char_ptr,buffer
gemini,_string_find_first_of,param_3,start_position,pos
claud,_string_find_first_of,param_3,start_pos,pos
gpt4,_string_find_first_of,param_3,search_start_index,pos
gemini,_string_find_first_of,pcVar1,found_position,found
claud,_string_find_first_of,pcVar1,found_ptr,found
gpt4,_string_find_first_of,pcVar1,found_char_ptr,found
gemini,_string_find_last_not_of,iVar1,strncmp_result,
claud,_string_find_last_not_of,iVar1,cmp_result,
gpt4,_string_find_last_not_of,iVar1,comparison_result,
gemini,_string_find_last_not_of,local_34,current_index,i
claud,_string_find_last_not_of,local_34,current_pos,i
gpt4,_string_find_last_not_of,local_34,current_index,i
gemini,_string_find_last_not_of,local_40,adjusted_position,
claud,_string_find_last_not_of,local_40,search_start_pos,
gpt4,_string_find_last_not_of,local_40,adjusted_position,
gemini,_string_find_last_not_of,param_1,string_object_address,str
claud,_string_find_last_not_of,param_1,string_ptr,str
gpt4,_string_find_last_not_of,param_1,string_pointer,str
gemini,_string_find_last_not_of,param_2,search_buffer,buffer
claud,_string_find_last_not_of,param_2,substring_ptr,buffer
gpt4,_string_find_last_not_of,param_2,search_string,buffer
gemini,_string_find_last_not_of,param_3,position,pos
claud,_string_find_last_not_of,param_3,start_pos,pos
gpt4,_string_find_last_not_of,param_3,position,pos
claud,_string_find_last_not_of,sVar2,substring_len,bufferLen
gpt4,_string_find_last_not_of,sVar2,search_string_length,bufferLen
claud,_string_find_last_of,bVar1,is_valid_position,
gpt4,_string_find_last_of,bVar1,is_within_bounds,
gemini,_string_find_last_of,local_2c,last_occurrence_position,lastFound
claud,_string_find_last_of,local_2c,last_pos,lastFound
gpt4,_string_find_last_of,local_2c,last_found_position,lastFound
gemini,_string_find_last_of,local_38,substring_occurrence,currentFound
claud,_string_find_last_of,local_38,last_occurrence,currentFound
gpt4,_string_find_last_of,local_38,found_position,currentFound
gemini,_string_find_last_of,local_c,result,
claud,_string_find_last_of,local_c,return_value,
gpt4,_string_find_last_of,local_c,result
gemini,_string_find_last_of,param_1,string_object,str
claud,_string_find_last_of,param_1,string_ptr,str
gpt4,_string_find_last_of,param_1,string_array,str
gemini,_string_find_last_of,param_2,substring,buffer
claud,_string_find_last_of,param_2,substring,buffer
gpt4,_string_find_last_of,param_2,target_char,buffer
gemini,_string_find_last_of,param_3,max_position,pos
claud,_string_find_last_of,param_3,end_pos,pos
gpt4,_string_find_last_of,param_3,position,pos
gemini,_string_format,in_AL,non_zero_flag,
claud,_string_format,in_AL,is_variadic,
gpt4,_string_format,in_AL,is_not_null_char,
gemini,_string_format,local_10,stack_guard_value,
claud,_string_format,local_10,stack_guard,
gpt4,_string_format,local_10,stack_chk_guard_copy,
gemini,_string_format,local_18,format_args_pointer,
claud,_string_format,local_18,vsnprintf_args_ptr,
gpt4,_string_format,local_18,format_buffer_copy,
gemini,_string_format,local_20,stack_pointer,
claud,_string_format,local_20,vsnprintf_args_end,
gpt4,_string_format,local_20,stack_pointer_08,
gemini,_string_format,local_24,initial_buffer_size,
claud,_string_format,local_24,vsnprintf_size,
gpt4,_string_format,local_24,constant_0x10,
gemini,_string_format,local_28,format_specifier_length,
claud,_string_format,local_28,vsnprintf_args_start,
gpt4,_string_format,local_28,constant_0x30,
gemini,_string_format,local_30,formatted_string_length_3,
claud,_string_format,local_30,string_obj_ptr_copy,
gpt4,_string_format,local_30,string_object_address_copy,
gemini,_string_format,local_38,formatted_string_pointer,
claud,_string_format,local_38,format_str_ptr_copy,
gpt4,_string_format,local_38,format_string_address_copy_2,
gemini,_string_format,local_3c,formatted_string_length_2,length
claud,_string_format,local_3c,formatted_str_len,length
gpt4,_string_format,local_3c,vsnprintf_result,length
gemini,_string_format,local_48,formatted_string_buffer,buffer
claud,_string_format,local_48,formatted_str_ptr,buffer
gpt4,_string_format,local_48,allocated_string,buffer
gemini,_string_format,local_58,format_arg_6_copy,
claud,_string_format,local_58,fixed_arg8,
gpt4,_string_format,local_58,param_8_copy,
gemini,_string_format,local_68,format_arg_5_copy,
claud,_string_format,local_68,fixed_arg7,
gpt4,_string_format,local_68,param_7_copy,
gemini,_string_format,local_78,format_arg_4_copy,
claud,_string_format,local_78,fixed_arg6,
gpt4,_string_format,local_78,param_6_copy,
gemini,_string_format,local_88,format_arg_3_copy,
claud,_string_format,local_88,fixed_arg5,
gpt4,_string_format,local_88,param_5_copy,
gemini,_string_format,local_98,format_arg_2_copy,
claud,_string_format,local_98,fixed_arg4,
gpt4,_string_format,local_98,param_4_copy,
gemini,_string_format,local_a8,format_arg_1_copy,
claud,_string_format,local_a8,fixed_arg3,
gpt4,_string_format,local_a8,param_3_copy,
gemini,_string_format,local_b8,format_string_copy,
claud,_string_format,local_b8,fixed_arg2,
gpt4,_string_format,local_b8,format_length_copy,
gemini,_string_format,local_c8,string_object_copy,
claud,_string_format,local_c8,fixed_arg1,
gpt4,_string_format,local_c8,format_string_address_copy,
gemini,_string_format,local_d0,var_arg_14_copy,
claud,_string_format,local_d0,variadic_arg4,
gpt4,_string_format,local_d0,param_14_copy,
gemini,_string_format,local_d8,var_arg_13_copy,
claud,_string_format,local_d8,variadic_arg3,
gpt4,_string_format,local_d8,param_13_copy,
gemini,_string_format,local_e0,var_arg_12_copy,
claud,_string_format,local_e0,variadic_arg2,
gpt4,_string_format,local_e0,param_12_copy,
gemini,_string_format,local_e8,var_arg_11_copy,
claud,_string_format,local_e8,variadic_arg1,
gpt4,_string_format,local_e8,param_11_copy,
gemini,_string_format,local_f8,format_args,
claud,_string_format,local_f8,variadic_args_buffer,
gpt4,_string_format,local_f8,format_buffer,
gemini,_string_format,param_1,string_object,str
claud,_string_format,param_1,format_arg1,str
gpt4,_string_format,param_1,format_string_address,str
gemini,_string_format,param_10,formatted_string,
claud,_string_format,param_10,format_str_ptr,
gpt4,_string_format,param_10,format_string_address,
gemini,_string_format,param_11,var_arg_11,
claud,_string_format,param_11,format_arg9,
gpt4,_string_format,param_11,param_11,
gemini,_string_format,param_12,var_arg_12,
claud,_string_format,param_12,format_arg10,
gpt4,_string_format,param_12,param_12,
gemini,_string_format,param_13,var_arg_13,
claud,_string_format,param_13,format_arg11,
gpt4,_string_format,param_13,param_13,
gemini,_string_format,param_14,var_arg_14,
claud,_string_format,param_14,format_arg12,
gpt4,_string_format,param_14,param_14,
gemini,_string_format,param_2,format_string,format
claud,_string_format,param_2,format_arg2,format
gpt4,_string_format,param_2,format_length,format
gemini,_string_format,param_3,format_arg_1,
claud,_string_format,param_3,format_arg3,
gpt4,_string_format,param_3,param_3,
gemini,_string_format,param_4,format_arg_2,
claud,_string_format,param_4,format_arg4,
gpt4,_string_format,param_4,param_4,
gemini,_string_format,param_5,format_arg_3,
claud,_string_format,param_5,format_arg5,
gpt4,_string_format,param_5,param_5,
gemini,_string_format,param_6,format_arg_4,
claud,_string_format,param_6,format_arg6,
gpt4,_string_format,param_6,param_6,
gemini,_string_format,param_7,format_arg_5,
claud,_string_format,param_7,format_arg7,
gpt4,_string_format,param_7,param_7,
gemini,_string_format,param_8,format_arg_6,
claud,_string_format,param_8,format_arg8,
gpt4,_string_format,param_8,param_8,
gemini,_string_format,param_9,formatted_string_length,
claud,_string_format,param_9,string_obj_ptr,
gpt4,_string_format,param_9,string_object_address,
gemini,_string_from_double,PTR____stack_chk_guard_10000a030,stack_guard_address,
gemini,_string_from_double,local_10,stack_guard_value,
claud,_string_from_double,local_10,stack_guard,
gpt4,_string_from_double,local_10,stack_chk_guard_saved,
gemini,_string_from_double,local_38,formatted_string,buffer
claud,_string_from_double,local_38,string_buffer,buffer
gpt4,_string_from_double,local_38,formatted_string,buffer
gemini,_string_from_double,param_1,input_value,value
claud,_string_from_double,param_1,double_value,value
gpt4,_string_from_double,param_1,output_string,value
claud,_string_from_double,uVar1,result_string,
gpt4,_string_from_double,uVar1,result,
gemini,_string_from_float,local_10,stack_guard,
claud,_string_from_float,local_10,stack_guard,
gpt4,_string_from_float,local_10,stack_chk_guard_value,
gemini,_string_from_float,local_38,formatted_string,buffer
claud,_string_from_float,local_38,string_buffer,buffer
gpt4,_string_from_float,local_38,formatted_string_buffer,buffer
gemini,_string_from_float,param_1,input_float,value
claud,_string_from_float,param_1,float_value,value
gpt4,_string_from_float,param_1,float,value
claud,_string_from_float,uVar1,result_string,
gpt4,_string_from_float,uVar1,result_string,
claud,_string_from_hex,lVar2,char_value,ch
gpt4,_string_from_hex,lVar2,converted_value,ch
gemini,_string_from_hex,local_10,result_string_id,
claud,_string_from_hex,local_10,return_value,
gpt4,_string_from_hex,local_10,result,
gemini,_string_from_hex,local_18,string_data_ptr,
claud,_string_from_hex,local_18,hex_string_ptr_copy,
gpt4,_string_from_hex,local_18,string_ptr,
gemini,_string_from_hex,local_20,output_string_id,str
claud,_string_from_hex,local_20,result_string,str
gpt4,_string_from_hex,local_20,hex_string,str
claud,_string_from_hex,local_28,index,i
gpt4,_string_from_hex,local_28,index,i
gemini,_string_from_hex,local_29,unknown_byte_2,
claud,_string_from_hex,local_29,null_terminator,
gpt4,_string_from_hex,local_29,unused_byte,
gemini,_string_from_hex,local_2a,unknown_byte_1,
claud,_string_from_hex,local_2a,hex_char2,
gpt4,_string_from_hex,local_2a,hex_char_2,
gemini,_string_from_hex,local_2b,char_value,
claud,_string_from_hex,local_2b,hex_char1,
gpt4,_string_from_hex,local_2b,hex_char_1,
gemini,_string_from_hex,param_1,string_ptr,hexStr
claud,_string_from_hex,param_1,hex_string_ptr,hexStr
gpt4,_string_from_hex,param_1,input_ptr,hexStr
claud,_string_from_hex,uVar1,is_empty,
gpt4,_string_from_hex,uVar1,is_empty,
gemini,_string_from_int,local_10,stack_guard,
claud,_string_from_int,local_10,stack_guard,
gpt4,_string_from_int,local_10,stack_chk_guard_copy,
gemini,_string_from_int,local_1c,buffer,buffer
claud,_string_from_int,local_1c,buffer,buffer
gpt4,_string_from_int,local_1c,formatted_string,buffer
gemini,_string_from_int,param_1,number,value
claud,_string_from_int,param_1,int_value,value
gpt4,_string_from_int,param_1,value_to_convert,value
gemini,_string_from_int,uVar1,string,
claud,_string_from_int,uVar1,result_string,
gpt4,_string_from_int,uVar1,converted_string,
gemini,_string_from_int_cstr,local_10,stack_guard_value,
claud,_string_from_int_cstr,local_10,stack_guard,
gpt4,_string_from_int_cstr,local_10,stack_chk_guard,
gemini,_string_from_int_cstr,local_1c,formatted_string,buffer
claud,_string_from_int_cstr,local_1c,string_buffer,buffer
gpt4,_string_from_int_cstr,local_1c,buffer_string,buffer
gemini,_string_from_int_cstr,param_1,integer_value,value
claud,_string_from_int_cstr,param_1,integer,value
gpt4,_string_from_int_cstr,param_1,integer_value,value
gemini,_string_from_int_cstr,pvVar2,allocated_memory,result
claud,_string_from_int_cstr,pvVar2,string_ptr,result
gpt4,_string_from_int_cstr,pvVar2,result_string,result
gemini,_string_from_int_cstr,sVar1,string_length,
claud,_string_from_int_cstr,sVar1,string_length,
gpt4,_string_from_int_cstr,sVar1,length,
gemini,_string_from_unicode,local_10,result_string,strObj
claud,_string_from_unicode,local_10,result_string,strObj
gpt4,_string_from_unicode,local_10,result,strObj
gemini,_string_from_unicode,param_1,input_wide_string,wstr
claud,_string_from_unicode,param_1,wide_string,wstr
gpt4,_string_from_unicode,param_1,wide_string,wstr
gemini,_string_from_unicode,pcVar2,utf8_string,str
claud,_string_from_unicode,pcVar2,converted_string,str
gpt4,_string_from_unicode,pcVar2,converted_string,str
gemini,_string_from_unicode,sVar1,wide_string_length,len
claud,_string_from_unicode,sVar1,converted_length,len
gpt4,_string_from_unicode,sVar1,converted_length,len
gemini,_string_front,local_10,front_char,
claud,_string_front,local_10,first_char,
gpt4,_string_front,local_10,front_char,
gemini,_string_front,param_1,string_ptr,str
claud,_string_front,param_1,string_ptr,str
gpt4,_string_front,param_1,input_ptr,str
gemini,_string_insert,lVar2,new_length,newTotalLength
claud,_string_insert,lVar2,new_length,newTotalLength
gpt4,_string_insert,lVar2,new_buffer_length,newTotalLength
gemini,_string_insert,lVar3,new_memory_block,newData
claud,_string_insert,lVar3,new_buffer,newData
gpt4,_string_insert,lVar3,new_buffer_address,newData
gemini,_string_insert,param_1,string_object,str
claud,_string_insert,param_1,string_obj,str
gpt4,_string_insert,param_1,string_buffer,str
gemini,_string_insert,param_2,position,pos
claud,_string_insert,param_2,insert_pos,pos
gpt4,_string_insert,param_2,insertion_position,pos
gemini,_string_insert,param_3,str_item,strItem
claud,_string_insert,param_3,insert_str,strItem
gpt4,_string_insert,param_3,str_item,strItem
gemini,_string_insert,sVar1,str_item_length,strItemLength
claud,_string_insert,sVar1,insert_str_len,strItemLength
gpt4,_string_insert,sVar1,str_item_length,strItemLength
gemini,_string_is_alpha,local_20,char_index,index
claud,_string_is_alpha,local_20,char_index,index
gpt4,_string_is_alpha,local_20,index,index
gemini,_string_is_alpha,local_9,is_alphabetic,
claud,_string_is_alpha,local_9,is_alpha,
gpt4,_string_is_alpha,local_9,is_alpha,
gemini,_string_is_alpha,param_1,string_ptr,str
claud,_string_is_alpha,param_1,string_ptr,str
gpt4,_string_is_alpha,param_1,input_array,str
gemini,_string_is_digit,local_20,char_index,index
claud,_string_is_digit,local_20,char_index,index
gpt4,_string_is_digit,local_20,index,index
gemini,_string_is_digit,local_9,is_digit,
claud,_string_is_digit,local_9,is_digit,
gpt4,_string_is_digit,local_9,is_digit,
gemini,_string_is_digit,param_1,string_ptr,str
claud,_string_is_digit,param_1,string_ptr,str
gpt4,_string_is_digit,param_1,string_ptr,str
gpt4,_string_is_equal,iVar1,comparison_result,
gemini,_string_is_equal,param_1,left_operand,str1
claud,_string_is_equal,param_1,str1,str1
gpt4,_string_is_equal,param_1,str1_address,str1
gemini,_string_is_equal,param_2,right_operand,str2
claud,_string_is_equal,param_2,str2,str2
gpt4,_string_is_equal,param_2,str2_address,str2
gpt4,_string_is_greater,iVar1,comparison_result,
gemini,_string_is_greater,param_1,string1,str1
claud,_string_is_greater,param_1,str1,str1
gpt4,_string_is_greater,param_1,str_1_addr,str1
gemini,_string_is_greater,param_2,string2,str2
claud,_string_is_greater,param_2,str2,str2
gpt4,_string_is_greater,param_2,str_2_addr,str2
gemini,_string_is_greater_or_equal,iVar1,comparison_result,
gemini,_string_is_greater_or_equal,param_1,str1,str1
claud,_string_is_greater_or_equal,param_1,str1,str1
gpt4,_string_is_greater_or_equal,param_1,str_1_address,str1
gemini,_string_is_greater_or_equal,param_2,str2,str2
claud,_string_is_greater_or_equal,param_2,str2,str2
gpt4,_string_is_greater_or_equal,param_2,str_2_address,str2
gpt4,_string_is_less,iVar1,comparison_result,
gemini,_string_is_less,param_1,input_string_1,str1
claud,_string_is_less,param_1,string1,str1
gpt4,_string_is_less,param_1,first_string_address,str1
gemini,_string_is_less,param_2,input_string_2,str2
claud,_string_is_less,param_2,string2,str2
gpt4,_string_is_less,param_2,second_string_address,str2
gpt4,_string_is_less_or_equal,iVar1,comparison_result,
gemini,_string_is_less_or_equal,param_1,string_1,str1
claud,_string_is_less_or_equal,param_1,str1,str1
gpt4,_string_is_less_or_equal,param_1,string1_address,str1
gemini,_string_is_less_or_equal,param_2,string_2,str2
claud,_string_is_less_or_equal,param_2,str2,str2
gpt4,_string_is_less_or_equal,param_2,string2_address,str2
gemini,_string_is_lower,local_20,char_index,index
claud,_string_is_lower,local_20,char_index,index
gpt4,_string_is_lower,local_20,index,index
gemini,_string_is_lower,local_9,is_lower,
claud,_string_is_lower,local_9,is_lower,
gpt4,_string_is_lower,local_9,is_lower_case,
gemini,_string_is_lower,param_1,string,str
claud,_string_is_lower,param_1,string_ptr,str
gpt4,_string_is_lower,param_1,string_pointer,str
gemini,_string_is_not_equal,iVar1,comparison_result,
gpt4,_string_is_not_equal,iVar1,comparison_result,
gemini,_string_is_not_equal,param_1,string_1,str1
claud,_string_is_not_equal,param_1,str1,str1
gpt4,_string_is_not_equal,param_1,string_1_address,str1
gemini,_string_is_not_equal,param_2,string_2,str2
claud,_string_is_not_equal,param_2,str2,str2
gpt4,_string_is_not_equal,param_2,string_2_address,str2
gemini,_string_is_upper,local_20,char_index,index
claud,_string_is_upper,local_20,char_index,index
gpt4,_string_is_upper,local_20,index,index
gemini,_string_is_upper,local_9,is_upper,
claud,_string_is_upper,local_9,is_upper,
gpt4,_string_is_upper,local_9,is_upper,
gemini,_string_is_upper,param_1,string_data,str
claud,_string_is_upper,param_1,string_ptr,str
gpt4,_string_is_upper,param_1,string_ptr,str
gemini,_string_join,local_10,joined_string,result
claud,_string_join,local_10,result_string,result
gpt4,_string_join,local_10,result_string,result
gemini,_string_join,local_34,index,i
claud,_string_join,local_34,i,i
gpt4,_string_join,local_34,index,i
gemini,_string_join,param_1,string_array,strings
claud,_string_join,param_1,string_array,strings
gpt4,_string_join,param_1,string_array_ptr,strings
gemini,_string_join,param_2,count,count
claud,_string_join,param_2,string_count,count
gpt4,_string_join,param_2,count,count
gemini,_string_join,param_3,delimiter,delimiter
claud,_string_join,param_3,delimiter,delimiter
gpt4,_string_join,param_3,delimiter,delimiter
gemini,_string_join_variadic,in_AL,is_restarted,
claud,_string_join_variadic,in_AL,is_formatted,
gpt4,_string_join_variadic,in_AL,is_string_literal,
claud,_string_join_variadic,local_10,stack_guard,
gpt4,_string_join_variadic,local_10,stack_chk_guard_value,
gemini,_string_join_variadic,local_100,arg_15,args
claud,_string_join_variadic,local_100,extra_stack_arg2,args
gpt4,_string_join_variadic,local_100,second_last_param_value,args
gemini,_string_join_variadic,local_108,arg_14,args
claud,_string_join_variadic,local_108,extra_stack_arg1,args
gpt4,_string_join_variadic,local_108,last_param_value,args
gemini,_string_join_variadic,local_128,arg_ptr_array,
claud,_string_join_variadic,local_128,stack_args,
gpt4,_string_join_variadic,local_128,string_lengths_array,
gemini,_string_join_variadic,local_140,arg_ptr_array_base_addr,
claud,_string_join_variadic,local_140,string_ptr_tmp,
gpt4,_string_join_variadic,local_140,current_param_value,
gemini,_string_join_variadic,local_158,current_arg_ptr,
claud,_string_join_variadic,local_158,string_ptr,
gpt4,_string_join_variadic,local_158,current_param_pointer,
claud,_string_join_variadic,local_18,stack_args_ptr,
gpt4,_string_join_variadic,local_18,current_param_array,
gemini,_string_join_variadic,local_20,arg_ptr_array_base,
claud,_string_join_variadic,local_20,stack_ptr,
gpt4,_string_join_variadic,local_20,param_pointers_array,
claud,_string_join_variadic,local_24,stack_size,
gpt4,_string_join_variadic,local_24,max_offset,
gemini,_string_join_variadic,local_28,arg_ptr_array_index,
claud,_string_join_variadic,local_28,stack_offset,
gpt4,_string_join_variadic,local_28,current_param_offset,
claud,_string_join_variadic,local_30,return_value,
gpt4,_string_join_variadic,local_30,result_string,
claud,_string_join_variadic,local_38,num_strings_copy,args
gpt4,_string_join_variadic,local_38,total_params,args
gemini,_string_join_variadic,local_40,total_arg_lengths,totalLength
claud,_string_join_variadic,local_40,total_length,totalLength
gpt4,_string_join_variadic,local_40,total_length,totalLength
gemini,_string_join_variadic,local_48,i,i
claud,_string_join_variadic,local_48,string_index,i
gpt4,_string_join_variadic,local_48,current_param_index,i
claud,_string_join_variadic,local_50,string_ptr_val,
gpt4,_string_join_variadic,local_50,current_param,
gemini,_string_join_variadic,local_58,allocated_memory,joinedStr
claud,_string_join_variadic,local_58,output_buffer,joinedStr
gpt4,_string_join_variadic,local_58,new_string,joinedStr
gemini,_string_join_variadic,local_60,joined_string_buffer,current
claud,_string_join_variadic,local_60,output_ptr,current
gpt4,_string_join_variadic,local_60,current_string_position,current
gemini,_string_join_variadic,local_68,current_arg_index,i
claud,_string_join_variadic,local_68,string_index,i
gpt4,_string_join_variadic,local_68,loop_counter,i
claud,_string_join_variadic,local_70,string_data_ptr,str
gpt4,_string_join_variadic,local_70,current_param_pointer_copy,str
gemini,_string_join_variadic,local_78,joined_string,result
claud,_string_join_variadic,local_78,result_string,result
gpt4,_string_join_variadic,local_78,new_string_pointer,result
claud,_string_join_variadic,local_88,format_stack_arg8,
gpt4,_string_join_variadic,local_88,param_8_copy,
claud,_string_join_variadic,local_98,format_stack_arg7,
gpt4,_string_join_variadic,local_98,param_7_copy,
claud,_string_join_variadic,local_a8,format_stack_arg6,
gpt4,_string_join_variadic,local_a8,param_6_copy,
claud,_string_join_variadic,local_b8,format_stack_arg5,
gpt4,_string_join_variadic,local_b8,param_5_copy,
claud,_string_join_variadic,local_c8,format_stack_arg4,
gpt4,_string_join_variadic,local_c8,param_4_copy,
claud,_string_join_variadic,local_d8,format_stack_arg3,
gpt4,_string_join_variadic,local_d8,param_3_copy,
claud,_string_join_variadic,local_e8,format_stack_arg2,
gpt4,_string_join_variadic,local_e8,param_2_copy,
claud,_string_join_variadic,local_f8,format_stack_arg1,
gpt4,_string_join_variadic,local_f8,param_1_copy,
gemini,_string_join_variadic,param_1,arg_1,count
claud,_string_join_variadic,param_1,format_arg1,count
gemini,_string_join_variadic,param_10,arg_9,...
claud,_string_join_variadic,param_10,extra_arg1,...
gemini,_string_join_variadic,param_11,arg_10,...
claud,_string_join_variadic,param_11,extra_arg2,...
gemini,_string_join_variadic,param_12,arg_11,...
claud,_string_join_variadic,param_12,extra_arg3,...
gemini,_string_join_variadic,param_13,arg_12,...
claud,_string_join_variadic,param_13,extra_arg4,...
gemini,_string_join_variadic,param_14,arg_13,...
claud,_string_join_variadic,param_14,extra_arg5,...
gemini,_string_join_variadic,param_2,arg_2,...
claud,_string_join_variadic,param_2,format_arg2,...
gemini,_string_join_variadic,param_3,arg_3,...
claud,_string_join_variadic,param_3,format_arg3,...
gemini,_string_join_variadic,param_4,arg_4,...
claud,_string_join_variadic,param_4,format_arg4,...
gemini,_string_join_variadic,param_5,arg_5,...
claud,_string_join_variadic,param_5,format_arg5,...
gemini,_string_join_variadic,param_6,arg_6,...
claud,_string_join_variadic,param_6,format_arg6,...
gemini,_string_join_variadic,param_7,arg_7,...
claud,_string_join_variadic,param_7,format_arg7,...
gemini,_string_join_variadic,param_8,arg_8,...
claud,_string_join_variadic,param_8,format_arg8,...
gemini,_string_join_variadic,param_9,num_args,...
claud,_string_join_variadic,param_9,num_strings,...
gemini,_string_length,local_10,string_length,
claud,_string_length,local_10,length,
gpt4,_string_length,local_10,length,
claud,_string_length,param_1,string_ptr,str
gpt4,_string_length,param_1,string_object,str
gemini,_string_length_cstr,local_10,str_len,
claud,_string_length_cstr,local_10,length,
gpt4,_string_length_cstr,local_10,length,
gemini,_string_length_cstr,param_1,string,str
claud,_string_length_cstr,param_1,cstr,str
gpt4,_string_length_cstr,param_1,str_ptr,str
gemini,_string_length_utf8,_string_length_utf8,string_length_utf8,
gemini,_string_length_utf8,local_10,string_length,length
claud,_string_length_utf8,local_10,result,length
gpt4,_string_length_utf8,local_10,result,length
gemini,_string_length_utf8,local_18,current_char,
claud,_string_length_utf8,local_18,current_char,
gpt4,_string_length_utf8,local_18,current_char,
gemini,_string_length_utf8,local_20,utf8_char_count,
claud,_string_length_utf8,local_20,length,
gpt4,_string_length_utf8,local_20,utf8_length,
gemini,_string_length_utf8,param_1,string,str
claud,_string_length_utf8,param_1,str,str
gpt4,_string_length_utf8,param_1,input_str,str
gemini,_string_max_size,local_10,max_size,
claud,_string_max_size,local_10,max_size,
gpt4,_string_max_size,local_10,max_size,
gemini,_string_max_size,param_1,string_object,str
claud,_string_max_size,param_1,string_ptr,str
gpt4,_string_max_size,param_1,num_elements,str
gemini,_string_pad_left,lVar1,padding_length,padSize
claud,_string_pad_left,lVar1,pad_size,padSize
gpt4,_string_pad_left,lVar1,length_difference,padSize
gemini,_string_pad_left,param_1,string_object,str
claud,_string_pad_left,param_1,string_obj,str
gpt4,_string_pad_left,param_1,string_array,str
gemini,_string_pad_left,param_2,total_length,totalLength
claud,_string_pad_left,param_2,total_length,totalLength
gpt4,_string_pad_left,param_2,desired_length,totalLength
gemini,_string_pad_left,param_3,pad_char,padChar
claud,_string_pad_left,param_3,pad_char,padChar
gpt4,_string_pad_left,param_3,pad_character,padChar
gemini,_string_pad_left,pvVar2,new_string_end,newSize
claud,_string_pad_left,pvVar2,new_size,newSize
gpt4,_string_pad_left,pvVar2,new_length,newSize
gemini,_string_pad_left,pvVar3,new_string,newData
claud,_string_pad_left,pvVar3,new_string,newData
gpt4,_string_pad_left,pvVar3,new_string,newData
gemini,_string_pad_right,param_1,target_string,str
claud,_string_pad_right,param_1,string_obj_ptr,str
gpt4,_string_pad_right,param_1,string_object_ptr,str
gemini,_string_pad_right,param_2,total_length,totalLength
claud,_string_pad_right,param_2,new_length,totalLength
gpt4,_string_pad_right,param_2,total_length,totalLength
gemini,_string_pad_right,param_3,padding_character,padChar
claud,_string_pad_right,param_3,pad_char,padChar
gpt4,_string_pad_right,param_3,padding_char,padChar
gemini,_string_pad_right,pvVar1,current_length,
claud,_string_pad_right,pvVar1,current_length,
gpt4,_string_pad_right,pvVar1,current_length,
gemini,_string_pad_right,pvVar2,new_capacity,newSize
claud,_string_pad_right,pvVar2,padded_length,newSize
gpt4,_string_pad_right,pvVar2,new_length,newSize
gemini,_string_pad_right,pvVar3,realloc_result,newData
claud,_string_pad_right,pvVar3,reallocated_ptr,newData
gpt4,_string_pad_right,pvVar3,new_string_ptr,newData
gemini,_string_pop_back,param_1,string_object,str
claud,_string_pop_back,param_1,string_ptr,str
gpt4,_string_pop_back,param_1,string_buffer_ptr,str
gemini,_string_push_back,lVar1,capacity_in_bytes,newCapacity
claud,_string_push_back,lVar1,current_capacity,newCapacity
gpt4,_string_push_back,lVar1,current_capacity,newCapacity
gemini,_string_push_back,lVar2,new_memory_location,newData
claud,_string_push_back,lVar2,new_data_ptr,newData
gpt4,_string_push_back,lVar2,new_capacity,newData
gemini,_string_push_back,param_1,string_object,str
claud,_string_push_back,param_1,string_ptr,str
gpt4,_string_push_back,param_1,string_ptr,str
gemini,_string_push_back,param_2,character,chItem
claud,_string_push_back,param_2,char_value,chItem
gpt4,_string_push_back,param_2,new_char,chItem
gemini,_string_rbegin,local_10,string_end_index,
claud,_string_rbegin,local_10,last_char_ptr,
gpt4,_string_rbegin,local_10,result_index,
gemini,_string_rbegin,param_1,string_ptr,str
claud,_string_rbegin,param_1,string_ptr,str
gpt4,_string_rbegin,param_1,string_ptr,str
gemini,_string_remove,local_28,current_substring_position,p
claud,_string_remove,local_28,current_ptr,p
gpt4,_string_remove,local_28,current_position,p
gemini,_string_remove,param_1,string_object,str
claud,_string_remove,param_1,string_ptr,str
gpt4,_string_remove,param_1,string_ptr,str
gemini,_string_remove,param_2,substring,substr
claud,_string_remove,param_2,substring,substr
gpt4,_string_remove,param_2,substring,substr
gemini,_string_remove,sVar1,substring_length,len
claud,_string_remove,sVar1,substring_length,len
gpt4,_string_remove,sVar1,substring_length,len
gemini,_string_remove,sVar2,remaining_string_length,
claud,_string_remove,sVar2,remaining_length,
gpt4,_string_remove,sVar2,remaining_length,
gemini,_string_remove_range,param_1,string_ptr,str
claud,_string_remove_range,param_1,string_ptr,str
gpt4,_string_remove_range,param_1,string_buffer,str
gemini,_string_remove_range,param_2,start_index,startPos
claud,_string_remove_range,param_2,start_index,startPos
gpt4,_string_remove_range,param_2,start_index,startPos
gemini,_string_remove_range,param_3,end_index,endPos
claud,_string_remove_range,param_3,end_index,endPos
gpt4,_string_remove_range,param_3,end_index,endPos
gemini,_string_rend,local_10,string_end_index,
claud,_string_rend,local_10,last_char_index,
gpt4,_string_rend,local_10,result,
gemini,_string_rend,param_1,string_ptr,str
claud,_string_rend,param_1,string_ptr,str
gpt4,_string_rend,param_1,pointer,str
claud,_string_repeat,local_10,result,result
gpt4,_string_repeat,local_10,result,result
claud,_string_repeat,local_38,current_ptr,current
gpt4,_string_repeat,local_38,repeated_string_ptr,current
claud,_string_repeat,local_40,i,i
gpt4,_string_repeat,local_40,loop_counter,i
gemini,_string_repeat,param_1,the_string,str
claud,_string_repeat,param_1,string_obj_ptr,str
gpt4,_string_repeat,param_1,string_info_ptr,str
gemini,_string_repeat,param_2,repeat_count,count
claud,_string_repeat,param_2,repeat_count,count
gpt4,_string_repeat,param_2,repeat_count,count
claud,_string_repeat,puVar1,new_data_ptr,repeatedStr
gpt4,_string_repeat,puVar1,repeated_string,repeatedStr
gemini,_string_replace,param_1,string_object,str
claud,_string_replace,param_1,str_ptr,str
gpt4,_string_replace,param_1,input_str,str
gemini,_string_replace,param_2,old_str,oldStr
claud,_string_replace,param_2,old_str,oldStr
gpt4,_string_replace,param_2,old_str,oldStr
gemini,_string_replace,param_3,new_str,newStr
claud,_string_replace,param_3,new_str,newStr
gpt4,_string_replace,param_3,new_str,newStr
gemini,_string_replace,pcVar1,found_position,position
claud,_string_replace,pcVar1,match_ptr,position
gpt4,_string_replace,pcVar1,old_str_ptr,position
gemini,_string_replace,pcVar5,new_string_end,newSize
claud,_string_replace,pcVar5,new_end_ptr,newSize
gpt4,_string_replace,pcVar5,new_str_ptr,newSize
gemini,_string_replace,pcVar6,allocated_memory,newData
claud,_string_replace,pcVar6,new_buffer,newData
gpt4,_string_replace,pcVar6,new_allocated_str,newData
gemini,_string_replace,sVar2,old_str_length,oldLen
claud,_string_replace,sVar2,old_len,oldLen
gpt4,_string_replace,sVar2,old_str_len,oldLen
gemini,_string_replace,sVar3,new_str_length,newLen
claud,_string_replace,sVar3,new_len,newLen
gpt4,_string_replace,sVar3,new_str_len,newLen
gemini,_string_replace,sVar4,remaining_str_length,tailLen
claud,_string_replace,sVar4,remaining_len,tailLen
gpt4,_string_replace,sVar4,remaining_str_len,tailLen
gemini,_string_replace_all,local_30,current_string_position,start
claud,_string_replace_all,local_30,current_ptr,start
gpt4,_string_replace_all,local_30,current_position,start
gemini,_string_replace_all,param_1,target_string_ptr,str
claud,_string_replace_all,param_1,string_ptr,str
gpt4,_string_replace_all,param_1,string_ptr,str
gemini,_string_replace_all,param_2,substring_to_replace,oldStr
claud,_string_replace_all,param_2,search_str,oldStr
gpt4,_string_replace_all,param_2,substring,oldStr
gemini,_string_replace_all,param_3,replacement_substring,newStr
claud,_string_replace_all,param_3,replace_str,newStr
gpt4,_string_replace_all,param_3,substring_length,newStr
gemini,_string_replace_all,pcVar2,substring_location,end
claud,_string_replace_all,pcVar2,found_ptr,end
gpt4,_string_replace_all,pcVar2,substring_ptr,end
gemini,_string_replace_all,puVar1,new_string,temp
claud,_string_replace_all,puVar1,new_string_ptr,temp
gpt4,_string_replace_all,puVar1,new_string_ptr,temp
gemini,_string_replace_all,sVar3,substring_length,
claud,_string_replace_all,sVar3,search_len,
gpt4,_string_replace_all,sVar3,substring_length,
gemini,_string_resize,lVar1,allocated_memory,newData
claud,_string_resize,lVar1,new_data_ptr,newData
gpt4,_string_resize,lVar1,new_buffer_address,newData
gemini,_string_resize,param_1,string_object,str
claud,_string_resize,param_1,string_ptr,str
gpt4,_string_resize,param_1,string_buffer,str
gemini,_string_resize,param_2,new_size,newSize
claud,_string_resize,param_2,new_size,newSize
gpt4,_string_resize,param_2,new_size,newSize
gemini,_string_reverse,local_1c,original_length,index
claud,_string_reverse,local_1c,original_str_index,index
gpt4,_string_reverse,local_1c,str_length,index
gemini,_string_reverse,local_20,current_index,j
claud,_string_reverse,local_20,rev_str_index,j
gpt4,_string_reverse,local_20,index,j
gemini,_string_reverse,param_1,string_object,str
claud,_string_reverse,param_1,string_obj_ptr,str
gpt4,_string_reverse,param_1,input_arr,str
gemini,_string_reverse,pvVar1,reversed_string,reverse
claud,_string_reverse,pvVar1,reversed_str_ptr,reverse
gpt4,_string_reverse,pvVar1,reversed_str,reverse
claud,_string_reverse,uVar2,original_str_ptr,
gpt4,_string_reverse,uVar2,c_str,
gemini,_string_rfind,iVar1,comparison_result,
claud,_string_rfind,iVar1,cmp_result,
gpt4,_string_rfind,iVar1,comparison_result,
gemini,_string_rfind,local_34,current_position,i
claud,_string_rfind,local_34,curr_pos,i
gpt4,_string_rfind,local_34,current_position,i
gemini,_string_rfind,local_40,adjusted_position,
claud,_string_rfind,local_40,actual_pos,
gpt4,_string_rfind,local_40,end_position,
gemini,_string_rfind,param_1,string_object,str
claud,_string_rfind,param_1,string_obj,str
gpt4,_string_rfind,param_1,string_obj_ptr,str
gemini,_string_rfind,param_2,buffer,buffer
claud,_string_rfind,param_2,search_buffer,buffer
gpt4,_string_rfind,param_2,search_buffer,buffer
gemini,_string_rfind,param_3,position,pos
claud,_string_rfind,param_3,search_pos,pos
gpt4,_string_rfind,param_3,position,pos
gemini,_string_rfind,sVar2,buffer_length,bufferLen
claud,_string_rfind,sVar2,search_len,bufferLen
gpt4,_string_rfind,sVar2,buffer_length,bufferLen
gemini,_string_set_pool_size,lVar1,new_memory_pool,newData
claud,_string_set_pool_size,lVar1,pool_ptr,newData
gpt4,_string_set_pool_size,lVar1,result,newData
gemini,_string_set_pool_size,local_9,success,
claud,_string_set_pool_size,local_9,return_value,
gpt4,_string_set_pool_size,local_9,success,
gemini,_string_set_pool_size,param_1,string_set_pointer,str
claud,_string_set_pool_size,param_1,string_ptr,str
gpt4,_string_set_pool_size,param_1,memory_pool,str
gemini,_string_set_pool_size,param_2,new_pool_size,newSize
claud,_string_set_pool_size,param_2,new_pool_size,newSize
gpt4,_string_set_pool_size,param_2,new_size,newSize
gemini,_string_shrink_to_fit,lVar1,new_string_length,newCapacity
claud,_string_shrink_to_fit,lVar1,new_capacity,newCapacity
gpt4,_string_shrink_to_fit,lVar1,old_length,newCapacity
gemini,_string_shrink_to_fit,lVar2,new_string_buffer,newData
claud,_string_shrink_to_fit,lVar2,new_data_ptr,newData
gpt4,_string_shrink_to_fit,lVar2,new_string_ptr,newData
gemini,_string_shrink_to_fit,param_1,string_object,str
claud,_string_shrink_to_fit,param_1,string_ptr,str
gpt4,_string_shrink_to_fit,param_1,string_ptr,str
gemini,_string_shrink_to_fit,param_1[1],string_length,
gemini,_string_shrink_to_fit,param_1[2],allocated_size,
gemini,_string_shrink_to_fit,param_1[3],memory_pool,
gemini,_string_shuffle,cVar1,temp_char,temp
claud,_string_shuffle,cVar1,temp_char,temp
gpt4,_string_shuffle,cVar1,temp_char,temp
gemini,_string_shuffle,iVar2,random_index,j
claud,_string_shuffle,iVar2,rand_index,j
gpt4,_string_shuffle,iVar2,random_index,j
gemini,_string_shuffle,local_20,remaining_characters,i
claud,_string_shuffle,local_20,i,i
gpt4,_string_shuffle,local_20,index,i
gemini,_string_shuffle,param_1,string_object,str
claud,_string_shuffle,param_1,string_ptr,str
gpt4,_string_shuffle,param_1,input_string,str
gemini,_string_shuffle,tVar3,current_time,
claud,_string_shuffle,tVar3,current_time,
gpt4,_string_shuffle,tVar3,current_time,
gemini,_string_shuffle,uVar4,string_length,length
claud,_string_shuffle,uVar4,string_length,length
gpt4,_string_shuffle,uVar4,string_length,length
gemini,_string_split,local_10,split_array_ptr,splits
claud,_string_split,local_10,splits,splits
gpt4,_string_split,local_10,splits_array,splits
gemini,_string_split,local_30,split_count,num_splits
claud,_string_split,local_30,num_tokens,num_splits
gpt4,_string_split,local_30,splits_count_calculated,num_splits
gemini,_string_split,local_40,token,token
claud,_string_split,local_40,token,token
gpt4,_string_split,local_40,token,token
gemini,_string_split,local_50,created_strings_count,
claud,_string_split,local_50,split_index,
gpt4,_string_split,local_50,loop_index_2,
gemini,_string_split,local_58,i,
claud,_string_split,local_58,i,
gpt4,_string_split,local_58,loop_index_1,
gemini,_string_split,param_1,string_to_split,str
claud,_string_split,param_1,string_obj,str
gpt4,_string_split,param_1,input_string,str
gemini,_string_split,param_2,delimiter,delimiter
claud,_string_split,param_2,delimiter,delimiter
gpt4,_string_split,param_2,delimiter,delimiter
gemini,_string_split,param_3,split_count_out,count
claud,_string_split,param_3,num_splits,count
gpt4,_string_split,param_3,splits_count,count
gemini,_string_split,pcVar1,next_token,temp
claud,_string_split,pcVar1,dup_str,temp
gpt4,_string_split,pc_var1,duplicated_string,
claud,_string_split,uVar2,split_str,
gpt4,_string_split,u_var2,created_string,
claud,_string_starts_with,iVar1,cmp_result,
gpt4,_string_starts_with,iVar1,string_compare_result,
claud,_string_starts_with,local_9,starts_with_substring,
gpt4,_string_starts_with,local_9,starts_with,
claud,_string_starts_with,param_1,string_obj,str
gpt4,_string_starts_with,param_1,string_array,str
claud,_string_starts_with,param_2,substring,substr
gpt4,_string_starts_with,param_2,substring,substr
claud,_string_starts_with,pcVar2,substring_length,substrLen
gpt4,_string_starts_with,pcVar2,substring_length,substrLen
gemini,_string_strdup,local_10,duplicated_string,new_str
claud,_string_strdup,local_10,dup_str,new_str
gpt4,_string_strdup,local_10,new_str_ptr,new_str
gemini,_string_strdup,param_1,string_to_duplicate,s
claud,_string_strdup,param_1,str_to_dup,s
gpt4,_string_strdup,param_1,input_str,s
gemini,_string_strdup,sVar1,string_length,
claud,_string_strdup,sVar1,str_len,
gpt4,_string_strdup,sVar1,str_length,
gemini,_string_substr,local_10,substring_object,substr
claud,_string_substr,local_10,substr_obj,substr
gpt4,_string_substr,local_10,result_string_ptr,substr
gemini,_string_substr,local_28,substring_length,
claud,_string_substr,local_28,actual_length,
gpt4,_string_substr,local_28,adjusted_substring_length,
gemini,_string_substr,param_1,string_object,str
claud,_string_substr,param_1,string_obj,str
gpt4,_string_substr,param_1,string_object_ptr,str
gemini,_string_substr,param_2,start_index,pos
claud,_string_substr,param_2,start_pos,pos
gpt4,_string_substr,param_2,substring_start_index,pos
gemini,_string_substr,param_3,max_length,len
claud,_string_substr,param_3,substr_length,len
gpt4,_string_substr,param_3,substring_length,len
gemini,_string_substr,pvVar1,substring_data,
claud,_string_substr,pvVar1,data_ptr,
gpt4,_string_substr,pvVar1,allocated_memory_ptr,
gemini,_string_swap,param_1,string1,str1
claud,_string_swap,param_1,str1_ptr,str1
gpt4,_string_swap,param_1,source_string,str1
gemini,_string_swap,param_2,string2,str2
claud,_string_swap,param_2,str2_ptr,str2
gpt4,_string_swap,param_2,target_string,str2
gemini,_string_swap,uVar1,string1_data,temp
claud,_string_swap,uVar1,temp_str1_field1,temp
gpt4,_string_swap,uVar1,temp_value_1,temp
gemini,_string_swap,uVar2,string1_next,temp
claud,_string_swap,uVar2,temp_str1_field2,temp
gpt4,_string_swap,uVar2,temp_value_2,temp
gemini,_string_swap,uVar3,string1_prev,temp
claud,_string_swap,uVar3,temp_str1_field3,temp
gpt4,_string_swap,uVar3,temp_value_3,temp
gemini,_string_swap,uVar4,string1_len,temp
claud,_string_swap,uVar4,temp_str1_field4,temp
gpt4,_string_swap,uVar4,temp_value_4,temp
gemini,_string_swap_case,iVar1,char_value,
claud,_string_swap_case,iVar1,char_code,
gpt4,_string_swap_case,iVar1,is_lower,
gemini,_string_swap_case,local_18,char_index,i
claud,_string_swap_case,local_18,index,i
gpt4,_string_swap_case,local_18,index,i
gemini,_string_swap_case,param_1,str,str
claud,_string_swap_case,param_1,string_ptr,str
gpt4,_string_swap_case,param_1,str_ptr,str
gemini,_string_to_bool_from_cstr,iVar1,comparison_result,
claud,_string_to_bool_from_cstr,iVar1,strcmp_result,
gpt4,_string_to_bool_from_cstr,iVar1,comparison_result,
gemini,_string_to_bool_from_cstr,local_9,converted_bool,
claud,_string_to_bool_from_cstr,local_9,bool_value,
gpt4,_string_to_bool_from_cstr,local_9,is_bool,
gemini,_string_to_bool_from_cstr,param_1,string_to_convert,boolstr
claud,_string_to_bool_from_cstr,param_1,bool_str,boolstr
gpt4,_string_to_bool_from_cstr,param_1,str,boolstr
gemini,_string_to_capitalize,**param_1,first_char,
gemini,_string_to_capitalize,PTR____stderrp_10000a038,stderr_stream,
claud,_string_to_capitalize,iVar1,capitalized_char,
gpt4,_string_to_capitalize,iVar1,first_char_ascii,
gemini,_string_to_capitalize,param_1,string_object,str
claud,_string_to_capitalize,param_1,string_ptr,str
gpt4,_string_to_capitalize,param_1,string_ptr,str
gemini,_string_to_casefold,iVar1,lowercase_char,
claud,_string_to_casefold,iVar1,lowercase_char,
gpt4,_string_to_casefold,iVar1,lowercase_char,
gemini,_string_to_casefold,local_18,char_index,i
claud,_string_to_casefold,local_18,char_index,i
gpt4,_string_to_casefold,local_18,index,i
gemini,_string_to_casefold,param_1,input_string,str
claud,_string_to_casefold,param_1,string_ptr,str
gpt4,_string_to_casefold,param_1,input_array,str
gemini,_string_to_double,local_10,converted_double,
claud,_string_to_double,local_10,result,
gpt4,_string_to_double,local_10,converted_double,
gemini,_string_to_double,param_1,string_ptr,str
claud,_string_to_double,param_1,str_ptr,str
gpt4,_string_to_double,param_1,string_array,str
gemini,_string_to_double,uVar1,string_empty_result,
claud,_string_to_double,uVar1,is_empty,
gpt4,_string_to_double,uVar1,string_length,
gemini,_string_to_float,dVar2,atof_result,
claud,_string_to_float,dVar2,double_value,
gpt4,_string_to_float,dVar2,string_to_float_result,
gemini,_string_to_float,local_c,float_value,
claud,_string_to_float,local_c,float_value,
gpt4,_string_to_float,local_c,float_value,
gemini,_string_to_float,param_1,input_string,str
claud,_string_to_float,param_1,string_ptr,str
gpt4,_string_to_float,param_1,string_pointer,str
claud,_string_to_float,uVar1,is_empty,
gpt4,_string_to_float,uVar1,string_empty_result,
gemini,_string_to_hex,_string_to_hex,string_to_hex,
gemini,_string_to_hex,len,input_string_length,str
gpt4,_string_to_hex,len,input_string_length,str
gemini,_string_to_hex,local_10,result,
claud,_string_to_hex,local_10,result,
gpt4,_string_to_hex,local_10,result_hex_string,
gemini,_string_to_hex,local_18,input_string_data,
claud,_string_to_hex,local_18,input_string_ptr,
gpt4,_string_to_hex,local_18,input_string_ptr,
gemini,_string_to_hex,local_20,output_hex_string,hexStr
claud,_string_to_hex,local_20,hex_string,hexStr
gpt4,_string_to_hex,local_20,hex_string,hexStr
gemini,_string_to_hex,local_28,current_character_index,i
claud,_string_to_hex,local_28,char_index,i
gpt4,_string_to_hex,local_28,index,i
gemini,_string_to_hex,local_2b,hex_buffer,buffer
claud,_string_to_hex,local_2b,hex_char_buffer,buffer
gpt4,_string_to_hex,local_2b,hex_byte_str,buffer
gemini,_string_to_hex,str,input_string,str
gpt4,_string_to_hex,str,input_string,str
claud,_string_to_hex,uVar1,is_empty,
gpt4,_string_to_hex,uVar1,empty_check_result,
gemini,_string_to_int,PTR____stderrp_10000a038,standard_error_stream,
gemini,_string_to_int,_atoi,convert_string_to_integer,
gemini,_string_to_int,_string_empty,is_string_empty,
gemini,_string_to_int,_string_to_int,convert_string_to_int,
gemini,_string_to_int,local_c,converted_integer,
claud,_string_to_int,local_c,result,
gpt4,_string_to_int,local_c,converted_int,
gemini,_string_to_int,param_1,input_string,str
claud,_string_to_int,param_1,str_ptr,str
gpt4,_string_to_int,param_1,string_array,str
claud,_string_to_int,uVar1,is_empty,
gpt4,_string_to_int,uVar1,flags,
gemini,_string_to_lower,PTR____stderrp_10000a038,stderr_stream,
claud,_string_to_lower,iVar1,char_code,
gpt4,_string_to_lower,iVar1,is_alpha_result,
gemini,_string_to_lower,local_10,output_string,lower
claud,_string_to_lower,local_10,lowercase_str,lower
gpt4,_string_to_lower,local_10,result_string,lower
gemini,_string_to_lower,local_28,current_index,index
claud,_string_to_lower,local_28,index,index
gpt4,_string_to_lower,local_28,index_counter,index
gemini,_string_to_lower,param_1,input_string,str
claud,_string_to_lower,param_1,str_ptr,str
gpt4,_string_to_lower,param_1,input_array,str
gemini,_string_to_title,PTR____stderrp_10000a038,stderr_stream,
gemini,_string_to_title,bVar1,is_first_char_of_word,capitalize
claud,_string_to_title,bVar1,is_new_word,capitalize
gpt4,_string_to_title,bVar1,is_first_alpha,capitalize
gemini,_string_to_title,iVar2,char_value,
claud,_string_to_title,iVar2,char_type,
gpt4,_string_to_title,iVar2,char_val,
gemini,_string_to_title,local_20,string_index,i
claud,_string_to_title,local_20,char_index,i
gpt4,_string_to_title,local_20,index,i
gemini,_string_to_title,param_1,string_obj,str
claud,_string_to_title,param_1,string_ptr,str
gpt4,_string_to_title,param_1,string_ptr,str
gemini,_string_to_unicode,local_10,converted_string,wstr
claud,_string_to_unicode,local_10,unicode_string,wstr
gpt4,_string_to_unicode,local_10,unicode_string,wstr
gemini,_string_to_unicode,param_1,input_string,str
claud,_string_to_unicode,param_1,input_string,str
gpt4,_string_to_unicode,param_1,input_string,str
gemini,_string_to_unicode,sVar1,required_size,len
claud,_string_to_unicode,sVar1,converted_length,len
gpt4,_string_to_unicode,sVar1,conversion_result,len
gemini,_string_to_upper,PTR____stderrp_10000a038,_stderr,
claud,_string_to_upper,iVar1,char_code,
gpt4,_string_to_upper,iVar1,is_alpha_result,
gemini,_string_to_upper,local_10,upper_string,upper
claud,_string_to_upper,local_10,result_str,upper
gpt4,_string_to_upper,local_10,result_string,upper
gemini,_string_to_upper,local_28,current_char_index,index
claud,_string_to_upper,local_28,index,index
gpt4,_string_to_upper,local_28,index,index
gemini,_string_to_upper,param_1,str,str
claud,_string_to_upper,param_1,str_ptr,str
gpt4,_string_to_upper,param_1,input_array_ptr,str
claud,_string_tokenize,local_10,tokens,tokens
gpt4,_string_tokenize,local_10,token_array,tokens
claud,_string_tokenize,local_30,num_tokens,num_tokens
gpt4,_string_tokenize,local_30,num_tokens,num_tokens
claud,_string_tokenize,local_40,token_ptr,token
gpt4,_string_tokenize,local_40,token,token
claud,_string_tokenize,local_50,token_index,idx
gpt4,_string_tokenize,local_50,token_index,idx
claud,_string_tokenize,local_58,i,i
gpt4,_string_tokenize,local_58,loop_counter_outer,i
claud,_string_tokenize,param_1,input_string,str
gpt4,_string_tokenize,param_1,input_string,str
claud,_string_tokenize,param_2,delimiters,delimiters
gpt4,_string_tokenize,param_2,delimiter,delimiters
claud,_string_tokenize,param_3,token_count,count
gpt4,_string_tokenize,param_3,num_tokens,count
claud,_string_tokenize,pcVar1,dup_string,temp_str
gpt4,_string_tokenize,pc_var1,tokenized_string,temp_str
claud,_string_tokenize,uVar2,token,
gpt4,_string_tokenize,u_var2,token,
gemini,_string_trim,param_1,string_object,str
claud,_string_trim,param_1,string_ptr,str
gpt4,_string_trim,param_1,string_ptr,str
claud,_string_trim_characters,bVar2,is_trim_char,
gpt4,_string_trim_characters,bVar2,is_char_found,
gemini,_string_trim_characters,local_20,string_data_start,start
claud,_string_trim_characters,local_20,start_ptr,start
gpt4,_string_trim_characters,local_20,start_ptr,start
gemini,_string_trim_characters,local_28,string_data_end,end
claud,_string_trim_characters,local_28,end_ptr,end
gpt4,_string_trim_characters,local_28,end_ptr,end
gemini,_string_trim_characters,param_1,string_object,str
claud,_string_trim_characters,param_1,string_ptr,str
gpt4,_string_trim_characters,param_1,string_ptr,str
gemini,_string_trim_characters,param_2,chars_to_trim,chars
claud,_string_trim_characters,param_2,trim_chars,chars
gpt4,_string_trim_characters,param_2,characters_to_trim,chars
gemini,_string_trim_characters,pcVar1,char_match,
claud,_string_trim_characters,pcVar1,char_ptr,
gpt4,_string_trim_characters,pcVar1,found_char_ptr,
gemini,_string_trim_left,bVar2,char_is_space,
claud,_string_trim_left,bVar2,is_space,
gpt4,_string_trim_left,bVar2,is_whitespace,
gemini,_string_trim_left,iVar1,is_space,
claud,_string_trim_left,iVar1,is_space_result,
gpt4,_string_trim_left,iVar1,isspace_result,
gemini,_string_trim_left,local_18,trim_offset,i
claud,_string_trim_left,local_18,left_trim_index,i
gpt4,_string_trim_left,local_18,trim_index,i
gemini,_string_trim_left,param_1,string_ptr,str
claud,_string_trim_left,param_1,string_obj,str
gpt4,_string_trim_left,param_1,string_ptr,str
claud,_string_trim_right,bVar2,is_space,
gpt4,_string_trim_right,bVar2,is_space,
claud,_string_trim_right,iVar1,is_space_result,
gpt4,_string_trim_right,iVar1,space_check_result,
gemini,_string_trim_right,local_18,string_length,i
claud,_string_trim_right,local_18,index,i
gpt4,_string_trim_right,local_18,current_length,i
gemini,_string_trim_right,param_1,string,str
claud,_string_trim_right,param_1,string_ptr,str
gpt4,_string_trim_right,param_1,string_pointer,str
gemini,_string_utf8_char_len,local_10,char_len,
claud,_string_utf8_char_len,local_10,char_len,
gemini,_string_utf8_char_len,param_1,character,c
claud,_string_utf8_char_len,param_1,char_code,c
gpt4,_string_utf8_char_len,param_1,utf8_char,c